"","name","is.nbreak","is.tfirst","is.tfirst.pknown","is.tfirst.pknown.offs","is.tfirst.offs","is.tfirst.big","is.slope.ma","is.slope.ma.prop","is.slope.ma.prop.lev","is.intlev.initlev","is.intlev.finallev","is.intlev.levd","is.intlev.levdprop"
"1","ratio_quantity.00C",2,20,20,20,20,20,-1.20154067742044,-0.0096035794496803,0.512195121951219,126.315378045678,77.0522102714401,49.2631677742382,0.390001348501079
"2","ratio_quantity.00D",5,14,14,17,17,17,-9.76059352123476,-0.0996522286763294,0.623492072941008,104.553810138932,26.2802125678027,78.2735975711295,0.748644142830555
"3","ratio_quantity.00J",2,17,17,17,17,17,-5.92796265570507,-0.0560123231180842,0.547592101990409,111.761149456543,46.8081017318815,64.953047724661,0.581177341504683
"4","ratio_quantity.00K",2,19,19,19,19,19,-0.13306719475668,-0.00307259846816171,0.523809523809524,43.440774379904,37.8519522001235,5.58882217978055,0.128653834089246
"5","ratio_quantity.00L",6,16,16,28,28,34,-0.997343096612486,-0.0379207061761549,0.558819344791688,28.0089746060173,11.9463812953681,16.0625933106493,0.573480233981806
"6","ratio_quantity.00M",1,Inf,Inf,Inf,Inf,NA,NA,NA,NA,NA,43.1406643128517,NA,NA
"7","ratio_quantity.00N",2,22,22,22,22,22,-0.132353594786524,-0.00817304963201498,0.512820512820513,16.3262592659422,11.1644690692677,5.16179019667444,0.3161649041947
"8","ratio_quantity.00P",3,28,28,28,28,28,-0.0141192535767594,-0.000684837994000635,0.515151515151515,20.6310442788351,20.1651089108021,0.465935368033065,0.0225841872924996
"9","ratio_quantity.00Q",0,NA,NA,NA,NA,NA,NA,NA,NA,NA,NA,NA,NA
"10","ratio_quantity.00R",1,10,10,10,10,10,-0.235001913768097,-0.0133362122223582,0.509803921568627,17.8563407054615,5.8712431032886,11.9850976021729,0.671195616160436
"11","ratio_quantity.00T",0,NA,NA,NA,NA,NA,NA,NA,NA,NA,NA,NA,NA
"12","ratio_quantity.00V",3,22,22,22,22,22,-0.602994511400115,-0.0336737303182411,0.50401350271509,18.5099654855506,11.3316517123859,7.17831377316465,0.387808058246691
"13","ratio_quantity.00X",2,17,17,17,17,17,-1.77913560633257,-0.0321852011078415,0.502008738739265,57.0571995951608,28.7049344804035,28.3522651147572,0.496909510384766
"14","ratio_quantity.00Y",1,8,8,8,8,8,-0.158178110286081,-0.0100769426027114,0.509433962264151,15.8552120740917,7.47177222892942,8.38343984516227,0.528749776791777
"15","ratio_quantity.01A",2,4,4,4,4,4,-0.494845373032077,-0.0127976187595767,0.531575878594444,39.1618335314169,29.8528074269873,9.30902610442959,0.237706595043911
"16","ratio_quantity.01C",4,16,16,37,37,37,-1.02705639994485,-0.0589671359280968,0.553376976144392,17.4897415728875,8.2098433821389,9.27989819074858,0.530590926805587
"17","ratio_quantity.01D",4,8,8,8,8,20,-0.496057197393663,-0.0226960901053367,0.527539146327043,22.0465010288126,9.82230191294306,12.2241991158696,0.554473433217077
"18","ratio_quantity.01E",4,9,9,9,9,23,-1.20281780197879,-0.0212708633607872,0.526337500781414,56.6367297843778,31.4988746968653,25.1378550875124,0.443843689125679
"19","ratio_quantity.01F",2,43,43,43,43,43,-3.21727541245626,-0.0257154524511476,0.555555555555556,128.327864797116,70.4169073729029,57.9109574242127,0.451273443345832
"20","ratio_quantity.01G",0,NA,NA,NA,NA,NA,NA,NA,NA,NA,NA,NA,NA
"21","ratio_quantity.01H",1,13,13,13,13,13,-0.117769664677522,-0.00610273171646121,0.520833333333333,19.4156300572384,13.7626861527173,5.65294390452104,0.291154285895222
"22","ratio_quantity.01J",2,31,31,31,31,31,-0.815994615374638,-0.00606565450940082,0.533333333333333,135.343045918737,110.863207457498,24.4798384612391,0.18087252503492
"23","ratio_quantity.01K",2,25,25,25,25,25,-2.28190362181518,-0.118022956918055,0.593014780076743,21.6163083969772,13.9203665807551,7.6959418162221,0.356024797337656
"24","ratio_quantity.01R",2,16,16,16,16,16,-0.181498806207747,-0.00825504880411667,0.511111111111111,22.1678989492616,14.000452669913,8.16744627934861,0.368435741160786
"25","ratio_quantity.01T",2,31,31,31,31,31,-0.352020545362688,-0.00424557157938645,0.533333333333333,83.2667797904678,72.7061634295872,10.5606163608807,0.126828687112139
"26","ratio_quantity.01V",5,31,31,36,36,36,-1.89990219946943,-0.0172655097161955,0.526622717820085,113.810541092368,92.1642793359373,21.6462617564309,0.190195578974208
"27","ratio_quantity.01W",1,10,10,10,10,10,-0.0621928720751955,-0.00609073618989187,0.509803921568627,10.2732527729145,7.10141629707951,3.17183647583497,0.308747048860469
"28","ratio_quantity.01X",2,20,20,20,20,20,-0.596584722676652,-0.00348776318301548,0.51219512195122,171.647396194587,147.187422564845,24.4599736297427,0.142501279786463
"29","ratio_quantity.01Y",2,18,18,18,18,18,-2.25433354954007,-0.0685130664351521,0.502656663823509,35.1580359648131,8.24900984278072,26.9090261220324,0.765373417018047
"30","ratio_quantity.02A",2,13,13,13,13,13,-0.316896375697772,-0.00981294903658385,0.520833333333333,32.6105906073038,17.3995645738107,15.211026033493,0.466444359032437
"31","ratio_quantity.02D",2,5,5,5,5,5,-0.442551538023606,-0.0135394729857935,0.517857142857143,33.1285754687896,8.34568933946775,24.7828861293219,0.748081853162379
"32","ratio_quantity.02E",0,NA,NA,NA,NA,NA,NA,NA,NA,NA,NA,NA,NA
"33","ratio_quantity.02F",6,16,16,24,24,48,-1.05913809896654,-0.0265691356615049,0.528617492908007,40.8705808616715,20.8345791557866,20.0360017058849,0.490230412278644
"34","ratio_quantity.02G",2,16,16,16,16,16,-0.471542033400445,-0.00374312759407382,0.511111111111111,126.446952048009,105.227560544989,21.2193915030201,0.167812597767984
"35","ratio_quantity.02H",1,28,28,28,28,28,-0.0817198664684293,-0.00918276980233044,0.515151515151515,8.98098100744683,6.28422541398867,2.69675559345817,0.300274055943563
"36","ratio_quantity.02M",5,13,13,13,13,13,-2.01892595676147,-0.0585168830192204,0.525379708378505,38.0015920485027,14.9448284404158,23.0567636080869,0.606731517423238
"37","ratio_quantity.02N",2,33,33,33,33,33,-1.52969461268379,-0.0489026304329769,0.558633484965476,32.8101103927777,10.9038744960401,21.9062358967376,0.667667241423232
"38","ratio_quantity.02P",2,28,28,28,28,28,-0.309210636576856,-0.0131519222195838,0.515151515151515,23.8198907800792,13.615939773043,10.2039510070363,0.428379420428322
"39","ratio_quantity.02Q",0,NA,NA,NA,NA,NA,NA,NA,NA,NA,NA,NA,NA
"40","ratio_quantity.02R",3,35,35,35,35,35,-1.08089494805805,-0.0185358165554564,0.538461538461538,59.3947515199645,31.2914828704551,28.1032686495094,0.473160808494383
"41","ratio_quantity.02T",2,32,32,32,32,32,-1.91687922445149,-0.0452921683910597,0.554436498724233,44.239410746918,9.66594329190272,34.5734674550152,0.781508317386978
"42","ratio_quantity.02W",5,9,9,9,9,33,-0.940674147972413,-0.0275342221022313,0.532321562469577,34.2804413280025,13.0750448693271,21.2053964586754,0.618585865210361
"43","ratio_quantity.02X",2,Inf,Inf,Inf,Inf,NA,NA,NA,NA,NA,21.5547734903353,NA,NA
"44","ratio_quantity.02Y",1,11,11,11,11,11,-0.346204275253411,-0.0103646943864097,0.52,33.7484699230817,16.4382561604111,17.3102137626705,0.512918476070867
"45","ratio_quantity.03A",2,10,10,10,10,10,-0.381836728546284,-0.0118612838840029,0.509803921568627,32.5736915294639,13.1000183736033,19.4736731558605,0.59783439461401
"46","ratio_quantity.03D",1,30,30,30,30,30,-0.365027413255379,-0.0101743022496553,0.516129032258065,36.2424177539785,24.9265679430617,11.3158498109167,0.31222668111524
"47","ratio_quantity.03E",0,NA,NA,NA,NA,NA,NA,NA,NA,NA,NA,NA,NA
"48","ratio_quantity.03F",1,36,36,36,36,36,-1.02359986868802,-0.0282179392603098,0.52,37.298391562204,11.7083948450034,25.5899967172006,0.686088478494391
"49","ratio_quantity.03H",0,NA,NA,NA,NA,NA,NA,NA,NA,NA,NA,NA,NA
"50","ratio_quantity.03J",0,NA,NA,NA,NA,NA,NA,NA,NA,NA,NA,NA,NA
"51","ratio_quantity.03K",2,16,16,16,16,16,-7.37660138494522e-06,-5.77761402929095e-07,0.511111111111111,12.7675639277103,12.7672319806479,0.000331947062317539,2.59992481100559e-05
"52","ratio_quantity.03L",2,44,44,44,44,44,-0.407376434168771,-0.0138837480288243,0.529411764705882,29.7493403853302,22.8239410044611,6.9253993808691,0.232791695249959
"53","ratio_quantity.03M",0,NA,NA,NA,NA,NA,NA,NA,NA,NA,NA,NA,NA
"54","ratio_quantity.03N",2,26,26,26,26,26,-0.228479263353327,-0.00931934188452516,0.514285714285714,24.7451528852019,16.7483786678355,7.99677421736643,0.323165278245206
"55","ratio_quantity.03Q",0,NA,NA,NA,NA,NA,NA,NA,NA,NA,NA,NA,NA
"56","ratio_quantity.03R",5,22,22,22,22,22,-0.320142837150164,-0.0332901595646736,0.533705015954067,9.90981864355069,2.1117714853986,7.79804715815209,0.786901096643888
"57","ratio_quantity.03T",2,46,46,46,46,46,-1.54150545157965,-0.0339499248847509,0.533333333333333,46.9467738523955,23.8241920787007,23.1225817736948,0.492527598305137
"58","ratio_quantity.03V",0,NA,NA,NA,NA,NA,NA,NA,NA,NA,NA,NA,NA
"59","ratio_quantity.03W",1,Inf,Inf,Inf,Inf,NA,NA,NA,NA,NA,47.1897173299408,NA,NA
"60","ratio_quantity.04C",4,Inf,Inf,Inf,Inf,NA,NA,NA,NA,NA,49.5548940420192,NA,NA
"61","ratio_quantity.04D",2,16,16,16,16,16,-0.404552680557196,-0.00734035789278214,0.511111111111111,55.518034402613,37.3131637775392,18.2048706250738,0.327909134769674
"62","ratio_quantity.04E",2,17,17,17,17,17,-0.0973440926329365,-0.00403704256903583,0.522727272727273,24.2100679414145,19.9269278655653,4.28314007584921,0.176915656999142
"63","ratio_quantity.04F",2,34,34,34,34,34,-0.635320706288348,-0.0158890880587347,0.518518518518518,40.6200387681342,23.4663796983488,17.1536590697854,0.422295487399736
"64","ratio_quantity.04G",2,17,17,17,17,17,-0.581004479452112,-0.134350989192383,1.13557237585186,4.90553147359391,4.39389127187073,0.511640201723174,0.104298627881055
"65","ratio_quantity.04H",2,35,35,35,35,35,-0.251237882756216,-0.0107726160071642,0.538461538461538,23.5731387645042,17.0409538128426,6.53218495166163,0.277102893124169
"66","ratio_quantity.04K",2,31,31,31,31,31,-0.237167720009247,-0.00984533152967495,0.533333333333333,24.32652614277,17.2114945424926,7.11503160027742,0.292480379587286
"67","ratio_quantity.04L",2,Inf,Inf,Inf,Inf,NA,NA,NA,NA,NA,30.3096267853645,NA,NA
"68","ratio_quantity.04M",0,NA,NA,NA,NA,NA,NA,NA,NA,NA,NA,NA,NA
"69","ratio_quantity.04N",0,NA,NA,NA,NA,NA,NA,NA,NA,NA,NA,NA,NA
"70","ratio_quantity.04Q",1,33,33,33,33,33,-0.672330486752474,-0.0167780438145539,0.535714285714286,40.7443731029046,21.9191194738354,18.8252536290693,0.462033213310803
"71","ratio_quantity.04V",3,Inf,Inf,Inf,Inf,NA,NA,NA,NA,NA,48.1822162001957,NA,NA
"72","ratio_quantity.04Y",0,NA,NA,NA,NA,NA,NA,NA,NA,NA,NA,NA,NA
"73","ratio_quantity.05A",2,18,18,18,18,18,-0.11330748231117,-0.00931029710857214,0.511627906976744,12.2834327736777,7.41121103429736,4.87222173938032,0.39664984773809
"74","ratio_quantity.05C",0,NA,NA,NA,NA,NA,NA,NA,NA,NA,NA,NA,NA
"75","ratio_quantity.05D",0,NA,NA,NA,NA,NA,NA,NA,NA,NA,NA,NA,NA
"76","ratio_quantity.05F",0,NA,NA,NA,NA,NA,NA,NA,NA,NA,NA,NA,NA
"77","ratio_quantity.05G",2,Inf,Inf,Inf,Inf,NA,NA,NA,NA,NA,21.3949071399536,NA,NA
"78","ratio_quantity.05H",0,NA,NA,NA,NA,NA,NA,NA,NA,NA,NA,NA,NA
"79","ratio_quantity.05J",2,15,15,15,15,15,-0.10237702940357,-0.0100488444147142,0.521739130434783,10.2903175704734,5.5809742179092,4.70934335256423,0.457648009433354
"80","ratio_quantity.05L",4,16,16,22,22,22,-0.161291186954244,-0.0129418077572127,0.547407246067662,12.6186690862916,9.37756647166276,3.24110261462887,0.256849798696272
"81","ratio_quantity.05N",4,9,9,9,9,32,-0.544198837233922,-0.0262682311222329,0.542273594391794,21.0679766106052,11.0324734464821,10.035503164123,0.476339201889534
"82","ratio_quantity.05Q",0,NA,NA,NA,NA,NA,NA,NA,NA,NA,NA,NA,NA
"83","ratio_quantity.05R",0,NA,NA,NA,NA,NA,NA,NA,NA,NA,NA,NA,NA
"84","ratio_quantity.05T",0,NA,NA,NA,NA,NA,NA,NA,NA,NA,NA,NA,NA
"85","ratio_quantity.05V",0,NA,NA,NA,NA,NA,NA,NA,NA,NA,NA,NA,NA
"86","ratio_quantity.05W",2,19,19,19,19,19,-0.144199831292569,-0.00658562287268024,0.523809523809524,22.0403566687524,15.9839637544645,6.05639291428792,0.274786520259644
"87","ratio_quantity.05X",2,25,25,25,25,25,-0.381160653049832,-0.0139847880046475,0.527777777777778,27.636536488791,13.914752978997,13.721783509794,0.496508797886426
"88","ratio_quantity.05Y",2,24,24,24,24,24,-0.265480684960513,-0.0132350873544423,0.513513513513513,20.3243346880212,10.5015493444822,9.82278534353898,0.483301692002168
"89","ratio_quantity.06A",2,7,7,7,7,7,-0.0157808869970815,-0.000752265285342444,0.518518518518518,20.993602547208,20.1414346493656,0.852167897842381,0.0405917896142944
"90","ratio_quantity.06D",0,NA,NA,NA,NA,NA,NA,NA,NA,NA,NA,NA,NA
"91","ratio_quantity.06F",1,30,30,30,30,30,-0.124409117928421,-0.0105955417826685,0.516129032258065,11.8660567354123,8.00937407963129,3.85668265578105,0.325018052903068
"92","ratio_quantity.06H",3,7,7,7,7,7,-0.434617931234814,-0.0351260449335295,0.527834962246182,12.8077140784743,4.57374016008672,8.23397391838755,0.642891765691917
"93","ratio_quantity.06K",2,21,21,21,21,21,-0.034992128162435,-0.00268342335384295,0.525,13.0750993152459,11.6754141887485,1.3996851264974,0.107049674556991
"94","ratio_quantity.06L",5,10,10,10,10,10,-28.0755186043073,-0.52584417274713,0.600391533215575,81.4668464146629,34.7048302117685,46.7620162028943,0.574000569076623
"95","ratio_quantity.06M",0,NA,NA,NA,NA,NA,NA,NA,NA,NA,NA,NA,NA
"96","ratio_quantity.06N",0,NA,NA,NA,NA,NA,NA,NA,NA,NA,NA,NA,NA
"97","ratio_quantity.06P",0,NA,NA,NA,NA,NA,NA,NA,NA,NA,NA,NA,NA
"98","ratio_quantity.06Q",3,29,29,29,29,29,-2.3586150908722,-0.066800338847876,0.508982978416231,38.9585463926977,15.7886645804282,23.1698818122696,0.594731681688525
"99","ratio_quantity.06T",2,4,4,4,4,4,-0.238374063533435,-0.00674636865346019,0.508771929824561,35.5720588616764,21.9847372402706,13.5873216214058,0.381966128928345
"100","ratio_quantity.06V",0,NA,NA,NA,NA,NA,NA,NA,NA,NA,NA,NA,NA
"101","ratio_quantity.06W",0,NA,NA,NA,NA,NA,NA,NA,NA,NA,NA,NA,NA
"102","ratio_quantity.06Y",1,Inf,Inf,Inf,Inf,NA,NA,NA,NA,NA,12.4278103657383,NA,NA
"103","ratio_quantity.07G",2,7,7,7,7,7,-0.667308283682972,-0.049045742479229,0.530728044016498,14.2731433664239,5.47172795519008,8.80141541123385,0.616641701500614
"104","ratio_quantity.07H",1,28,28,28,28,28,-0.327705842796209,-0.0193744704534779,0.515151515151515,17.2420180859669,6.42772527369195,10.8142928122749,0.627205745775002
"105","ratio_quantity.07J",3,Inf,Inf,Inf,Inf,NA,NA,NA,NA,NA,19.7035097257811,NA,NA
"106","ratio_quantity.07K",2,22,22,22,22,22,-2.38795284856434,-0.0438585874400296,0.53368423907732,56.8345957512689,34.4622576371358,22.3723381141332,0.393639434193278
"107","ratio_quantity.07L",0,NA,NA,NA,NA,NA,NA,NA,NA,NA,NA,NA,NA
"108","ratio_quantity.07M",2,35,35,35,35,35,-0.3373776335833,-0.0825167439563064,0.5808778860672,4.42597368582145,3.2643607490044,1.16161293681705,0.262453647326974
"109","ratio_quantity.07N",2,9,9,9,9,9,-0.700858435897509,-0.0107758386897905,0.519230769230769,65.7406623967282,29.2960237300578,36.4446386666704,0.554369812198367
"110","ratio_quantity.07P",2,Inf,Inf,Inf,Inf,NA,NA,NA,NA,NA,24.7226572263276,NA,NA
"111","ratio_quantity.07Q",3,30,30,30,30,30,-1.63597944545887,-0.0209450165538501,0.516129032258065,79.7442703247109,29.028907515486,50.715362809225,0.635975006137957
"112","ratio_quantity.07R",16,3,3,3,3,10,-5.79418303356623,-0.657100458351296,0.590954893504807,14.1890349882879,4.38425445892734,9.80478052936057,0.691011089722011
"113","ratio_quantity.07T",1,10,10,10,10,10,-0.113247944475756,-0.0107248638425436,0.509803921568627,10.6726309015369,4.89698573327332,5.77564516826354,0.54116414420664
"114","ratio_quantity.07V",7,18,18,18,18,18,-1.88192411627756,-0.0473862403522107,0.540760541992188,41.5964932040477,10.275204516637,31.3212886874107,0.752979068061507
"115","ratio_quantity.07W",2,21,21,21,21,21,-0.0514960659311263,-0.0015511852175205,0.525,33.2493794324582,31.1895367952131,2.05984263724505,0.0619513107433888
"116","ratio_quantity.07X",2,16,16,16,16,16,-0.0668753067751728,-0.0107106083626175,0.511111111111111,6.31071361278428,3.30132480790151,3.00938880488277,0.476869810537169
"117","ratio_quantity.07Y",1,25,25,25,25,25,-0.156053120070782,-0.00717796517739562,0.527777777777778,21.8966322694673,16.2787199469192,5.61791232254814,0.256565130811543
"118","ratio_quantity.08A",2,30,30,30,30,30,-0.44458976495991,-0.0132068679888881,0.516129032258065,34.1081173578743,20.3258346441171,13.7822827137572,0.404076324974161
"119","ratio_quantity.08C",1,36,36,36,36,36,-0.814841750770549,-0.0134431304926761,0.52,61.4288297809009,41.0577860116371,20.3710437692637,0.331620248048374
"120","ratio_quantity.08D",2,31,31,31,31,31,-0.126500911110443,-0.0164197638443567,0.533333333333333,7.83068669048873,4.03565935717545,3.79502733331329,0.484635317860793
"121","ratio_quantity.08E",0,NA,NA,NA,NA,NA,NA,NA,NA,NA,NA,NA,NA
"122","ratio_quantity.08F",15,3,3,8,8,11,11.2150425729704,2.0185312745837,5.96699216385245,8.62154557747316,10.5010591188033,-1.87951354133011,-0.218001926039921
"123","ratio_quantity.08G",2,24,24,24,24,24,-0.414633342585985,-0.0110580653344109,0.513513513513513,37.9106446290914,22.56921095341,15.3414336756814,0.404673511246731
"124","ratio_quantity.08H",0,NA,NA,NA,NA,NA,NA,NA,NA,NA,NA,NA,NA
"125","ratio_quantity.08J",0,NA,NA,NA,NA,NA,NA,NA,NA,NA,NA,NA,NA
"126","ratio_quantity.08K",2,36,36,36,36,36,-1.45749867780079,-0.0228638403444133,0.52,65.2043870327541,28.7669200877344,36.4374669450198,0.558819254396427
"127","ratio_quantity.08L",2,30,30,30,30,30,-0.157752865737854,-0.00296499752301242,0.516129032258065,53.3628110533002,48.4724722154267,4.89033883787346,0.0916432013483858
"128","ratio_quantity.08M",2,27,27,27,27,27,-0.202839094506955,-0.0146027951879508,0.529411764705882,14.0932684195942,7.19673920635772,6.89652921323649,0.48934917067556
"129","ratio_quantity.08N",0,NA,NA,NA,NA,NA,NA,NA,NA,NA,NA,NA,NA
"130","ratio_quantity.08P",0,NA,NA,NA,NA,NA,NA,NA,NA,NA,NA,NA,NA
"131","ratio_quantity.08Q",5,7,7,7,7,32,-1.71025695264123,-0.0185742471485849,0.515180079198814,92.936150193808,29.8613470090302,63.0748031847778,0.678689649326364
"132","ratio_quantity.08R",0,NA,NA,NA,NA,NA,NA,NA,NA,NA,NA,NA,NA
"133","ratio_quantity.08T",0,NA,NA,NA,NA,NA,NA,NA,NA,NA,NA,NA,NA
"134","ratio_quantity.08V",2,28,28,28,28,28,-0.125051485936299,-0.0125317898292775,0.515151515151515,10.1037925628212,5.97709352692327,4.12669903589788,0.408430696715099
"135","ratio_quantity.08W",0,NA,NA,NA,NA,NA,NA,NA,NA,NA,NA,NA,NA
"136","ratio_quantity.08X",4,6,6,6,6,32,-1.87145673564289,-0.0373854786074241,0.500611841675027,50.4699778780564,24.3016053807788,26.1683724972775,0.518493837276976
"137","ratio_quantity.08Y",2,20,20,20,20,20,-0.439956875091958,-0.00551715704550678,0.51219512195122,80.1833594034401,62.1451275246698,18.0382318787703,0.224962286601282
"138","ratio_quantity.09A",2,28,28,28,28,28,-0.862367496759058,-0.0115173847131863,0.515151515151515,75.7376554405342,47.2795280474853,28.4581273930489,0.375746083338861
"139","ratio_quantity.09C",0,NA,NA,NA,NA,NA,NA,NA,NA,NA,NA,NA,NA
"140","ratio_quantity.09D",2,18,18,18,18,18,-0.623202223165645,-0.0154824698568532,0.511627906976744,40.8753214862811,14.0776258901584,26.7976955961228,0.655595959168585
"141","ratio_quantity.09E",2,26,26,26,26,26,-0.184022779276443,-0.00913409191458548,0.514285714285714,20.3308289420864,13.8900316674109,6.44079727467551,0.316799540885545
"142","ratio_quantity.09F",1,20,20,20,20,20,-0.552863642040842,-0.0132956270762071,0.51219512195122,42.1352304512159,19.4678211275414,22.6674093236745,0.537968087060039
"143","ratio_quantity.09G",3,19,19,19,19,19,-1.07036910242584,-0.0255463060543105,0.539434544116231,42.9695423194958,21.1428716787159,21.8266706407799,0.507956786658089
"144","ratio_quantity.09H",2,25,25,25,25,25,-0.234909456896314,-0.0123060691621115,0.527777777777778,19.3238202863239,10.8670798380566,8.45674044826732,0.437632948504103
"145","ratio_quantity.09J",2,8,8,8,8,8,-0.0986173928625051,-0.0047949715453473,0.509433962264151,20.6654532812207,15.4387314595079,5.22672182171279,0.252920744132066
"146","ratio_quantity.09L",0,NA,NA,NA,NA,NA,NA,NA,NA,NA,NA,NA,NA
"147","ratio_quantity.09N",0,NA,NA,NA,NA,NA,NA,NA,NA,NA,NA,NA,NA
"148","ratio_quantity.09P",2,32,32,32,32,32,-1.60988414120544,-0.0710206021461686,0.513563970526463,24.2777311117522,11.7388130131549,12.5389180985973,0.516478168444971
"149","ratio_quantity.09W",2,Inf,Inf,Inf,Inf,NA,NA,NA,NA,NA,36.9434330818292,NA,NA
"150","ratio_quantity.09X",0,NA,NA,NA,NA,NA,NA,NA,NA,NA,NA,NA,NA
"151","ratio_quantity.09Y",1,10,10,10,10,10,-0.207369381979497,-0.011549256517219,0.509803921568628,18.1625842194304,7.58674573847609,10.5758384809544,0.582287099301665
"152","ratio_quantity.10A",1,40,40,40,40,40,-0.323975613973528,-0.0208015585784332,0.523809523809524,15.8985592564426,9.09507136299852,6.8034878934441,0.427931096378252
"153","ratio_quantity.10C",0,NA,NA,NA,NA,NA,NA,NA,NA,NA,NA,NA,NA
"154","ratio_quantity.10D",0,NA,NA,NA,NA,NA,NA,NA,NA,NA,NA,NA,NA
"155","ratio_quantity.10E",0,NA,NA,NA,NA,NA,NA,NA,NA,NA,NA,NA,NA
"156","ratio_quantity.10J",2,33,33,33,33,33,-0.403600472148813,-0.0064310997669741,0.535714285714286,63.1612137533857,51.8604005332189,11.3008132201668,0.178920140203306
"157","ratio_quantity.10K",1,41,41,41,41,41,-0.352218951996061,-0.0431639151576603,0.55,8.51225148633749,1.46787244641627,7.04437903992122,0.827557673927719
"158","ratio_quantity.10L",3,8,8,8,8,8,-29.6736319227383,-0.908306105388405,0.713582005418615,62.3428298359785,20.7587768506028,41.5840529853757,0.667022223642746
"159","ratio_quantity.10Q",3,Inf,Inf,Inf,Inf,NA,NA,NA,NA,NA,21.9793666106765,NA,NA
"160","ratio_quantity.10R",5,23,23,23,23,23,-0.324533690905479,-0.0334699668506882,0.50059915748343,10.0465177871235,2.26703148026802,7.77948630685552,0.774346541925836
"161","ratio_quantity.10V",2,16,16,16,16,16,-0.158842868541171,-0.0121677899680731,0.511111111111111,13.2132158448957,6.065286760543,7.14792908435271,0.540968161593604
"162","ratio_quantity.10X",2,31,31,31,31,31,-0.473258649411205,-0.0171402705170449,0.533333333333333,28.0841793137367,13.8864198314005,14.1977594823361,0.505542972209683
"163","ratio_quantity.11A",4,36,36,36,36,36,-1.00646240004517,-0.0242195303117184,0.52,42.5622806628874,17.4007206617583,25.1615600011292,0.591170388645762
"164","ratio_quantity.11E",0,NA,NA,NA,NA,NA,NA,NA,NA,NA,NA,NA,NA
"165","ratio_quantity.11J",2,16,16,16,16,16,-0.0401023461772362,-0.00792865806823883,0.511111111111111,5.09800064776764,3.29339506979201,1.80460557797563,0.353983002878951
"166","ratio_quantity.11M",0,NA,NA,NA,NA,NA,NA,NA,NA,NA,NA,NA,NA
"167","ratio_quantity.11N",15,4,4,6,6,4,-6.06295809988421,-0.130713575265361,0.650530780834821,52.4464962104118,43.1264789591088,9.32001725130299,0.177705241050073
"168","ratio_quantity.11X",2,32,32,32,32,32,-0.232813617355299,-0.017986410146685,0.517241379310345,13.1766759810303,6.42508107772666,6.75159490330366,0.512389840428916
"169","ratio_quantity.12D",2,20,20,20,20,20,-0.0745206297788301,-0.00611352982780666,0.51219512195122,12.2639810360865,9.20863521515444,3.05534582093204,0.249131649171811
"170","ratio_quantity.12F",2,30,30,30,30,30,-0.0893858134417795,-0.00117450237975326,0.516129032258065,76.1946496108276,73.4236893941325,2.77096021669516,0.0363668608077881
"171","ratio_quantity.13T",3,45,45,45,45,45,-0.949818976319072,-0.0335905804387464,0.5625,29.2261679977687,14.0290643766635,15.1971036211051,0.51998276415387
"172","ratio_quantity.14L",2,26,26,26,26,26,-0.825826049360499,-0.0389464298492779,0.527829875046747,22.0299788447883,14.2071358379638,7.8228430068245,0.355099887382559
"173","ratio_quantity.14Y",0,NA,NA,NA,NA,NA,NA,NA,NA,NA,NA,NA,NA
"174","ratio_quantity.15A",5,Inf,Inf,Inf,Inf,NA,NA,NA,NA,NA,35.9443216801818,NA,NA
"175","ratio_quantity.15C",0,NA,NA,NA,NA,NA,NA,NA,NA,NA,NA,NA,NA
"176","ratio_quantity.15D",0,NA,NA,NA,NA,NA,NA,NA,NA,NA,NA,NA,NA
"177","ratio_quantity.15E",2,20,20,20,20,20,-0.148985598176753,-0.00809983482639757,0.51219512195122,18.5426444035644,12.4342348783175,6.10840952524687,0.329424940278349
"178","ratio_quantity.15F",1,37,37,37,37,37,-0.16587168142137,-0.00881455655330208,0.541666666666667,18.983798643298,15.0028782891851,3.98092035411288,0.209700936515058
"179","ratio_quantity.15M",2,25,25,25,25,25,-0.221510041525953,-0.0139281637072654,0.527777777777778,16.1252606134988,8.15089911856447,7.97436149493431,0.4945260536291
"180","ratio_quantity.15N",2,30,30,30,30,30,-0.0314283493800387,-0.000522529248195897,0.516129032258065,60.1780124660574,59.2037336352762,0.974278830781202,0.0161899469732526
"181","ratio_quantity.99A",2,19,19,19,19,19,-0.47329513798969,-0.00462569989156816,0.523809523809524,102.79189536807,82.9134995725035,19.878395795567,0.193384855142399
"182","ratio_quantity.99C",2,32,32,32,32,32,-0.656802669691455,-0.0183346604377107,0.517241379310345,36.479809696347,17.4325322752948,19.0472774210522,0.522132039053909
"183","ratio_quantity.99D",2,16,16,16,16,16,-0.101431659630952,-0.0060694163312318,0.511111111111111,16.813361455748,12.2489367723551,4.56442468339285,0.271476033832153
"184","ratio_quantity.99E",0,NA,NA,NA,NA,NA,NA,NA,NA,NA,NA,NA,NA
"185","ratio_quantity.99F",0,NA,NA,NA,NA,NA,NA,NA,NA,NA,NA,NA,NA
"186","ratio_quantity.99G",0,NA,NA,NA,NA,NA,NA,NA,NA,NA,NA,NA,NA
"187","ratio_quantity.99H",4,13,13,23,23,23,-0.178627193795932,-0.00875546751410523,0.530088551273552,20.9657586880516,15.23716431031,5.72859437774154,0.273235729885906
"188","ratio_quantity.99J",0,NA,NA,NA,NA,NA,NA,NA,NA,NA,NA,NA,NA
"189","ratio_quantity.99K",2,17,17,17,17,17,-0.603174268004436,-0.0123918677142007,0.522727272727273,49.278182903968,22.7385151117729,26.5396677921951,0.538568312145658
"190","ratio_quantity.99M",0,NA,NA,NA,NA,NA,NA,NA,NA,NA,NA,NA,NA
"191","ratio_quantity.99N",2,31,31,31,31,31,-0.0995287326435861,-0.00958208490447753,0.533333333333333,10.4864887351664,7.50062675585884,2.98586197930758,0.284734199856097
